Name,Team,Position,G,oWAR,dWAR,PA,ePA,AB,R,H,2B,3B,HR,TB,RBI,SB,CS,BB,HP,IB,SO,GDP,SH,SF,AVG,OBP,SLG,OPS,R/ePA,wRC+,WAR
문보경,LG,3B,20,1.36,0.26,89,88,75,18,28,3,0,5,46,20,0,0,12,0,2,15,2,0,2,0.373,0.449,0.613,1.062,0.231,215.6,1.62
박동원,LG,C,20,1.60,-0.01,73,73,60,15,21,3,0,5,39,16,1,0,12,1,0,14,1,0,0,0.350,0.466,0.650,1.116,0.260,242.9,1.59
이재현,삼성,SS,21,1.11,0.14,92,90,71,19,18,5,0,3,32,12,1,0,17,3,1,21,0,1,0,0.254,0.418,0.451,0.869,0.187,157.0,1.24
박성한,SSG,SS,17,0.85,0.32,71,70,57,8,15,5,0,1,23,10,1,0,12,1,1,14,0,1,0,0.263,0.400,0.404,0.804,0.163,137.4,1.17
위즈덤,기아,1B,20,1.15,-0.03,82,82,64,17,17,1,0,8,42,14,0,0,17,0,0,18,0,0,1,0.266,0.415,0.656,1.071,0.232,195.5,1.11
이주형,키움,CF,19,0.81,0.18,81,81,69,10,20,3,0,2,29,6,0,0,6,6,0,25,2,0,0,0.290,0.395,0.420,0.815,0.168,151.4,0.99
오스틴,LG,1B,19,0.83,0.16,82,81,69,18,20,5,0,5,40,14,1,0,12,0,2,9,3,0,1,0.290,0.390,0.580,0.970,0.196,182.4,0.99
양의지,두산,C,19,0.81,0.14,77,77,63,10,18,4,0,2,28,14,0,0,12,0,0,12,0,0,2,0.286,0.390,0.444,0.834,0.164,143.6,0.95
카디네스,키움,RF,16,1.00,-0.05,71,71,56,10,18,3,1,3,32,18,0,1,12,1,0,15,0,0,2,0.321,0.437,0.571,1.008,0.222,197.5,0.95
전민재,롯데,SS,21,1.10,-0.25,72,67,62,10,26,6,0,0,32,5,1,0,4,1,0,17,1,5,0,0.419,0.463,0.516,0.979,0.221,171.9,0.85
나승엽,롯데,1B,22,1.02,-0.19,93,93,75,11,20,6,1,3,37,9,0,0,16,2,0,14,2,0,0,0.267,0.409,0.493,0.902,0.195,152.6,0.83
손아섭,엔씨,RF,16,0.63,0.19,60,60,54,9,21,2,2,0,27,10,0,1,5,0,0,7,1,0,1,0.389,0.433,0.500,0.933,0.200,170.1,0.81
오지환,LG,SS,20,0.51,0.30,71,68,61,10,17,5,0,2,28,12,2,2,4,0,0,13,0,3,3,0.279,0.309,0.459,0.768,0.120,111.1,0.81
강민호,삼성,C,20,0.83,-0.03,79,79,71,7,24,8,0,0,32,16,1,1,6,1,0,13,1,0,1,0.338,0.392,0.451,0.843,0.167,140.5,0.80
송성문,키움,2B,22,0.84,-0.04,96,96,84,16,21,6,0,4,39,10,3,0,12,0,0,11,1,0,0,0.250,0.344,0.464,0.808,0.149,130.3,0.80
유강남,롯데,C,19,0.79,0.01,56,55,45,8,15,3,0,1,21,8,0,0,6,3,0,14,0,1,1,0.333,0.436,0.467,0.903,0.198,154.4,0.80
강승호,두산,3B,19,0.43,0.34,83,83,75,10,19,5,1,1,29,6,2,1,7,1,0,24,1,0,0,0.253,0.325,0.387,0.712,0.117,103.0,0.78
김지찬,삼성,CF,11,0.82,-0.12,49,49,43,13,17,3,1,0,22,2,4,0,5,1,0,4,0,0,0,0.395,0.469,0.512,0.981,0.227,190.4,0.70
박해민,LG,CF,20,0.40,0.28,67,65,54,11,13,3,0,0,16,2,5,0,10,1,0,17,2,2,0,0.241,0.369,0.296,0.665,0.121,112.2,0.68
김주원,엔씨,SS,16,0.38,0.29,72,71,60,12,13,2,0,2,21,9,2,1,10,0,0,17,1,1,1,0.217,0.324,0.350,0.674,0.106,91.0,0.68
노시환,한화,3B,22,0.48,0.18,93,92,86,13,22,3,1,5,42,15,4,1,5,2,1,21,2,0,0,0.256,0.312,0.488,0.800,0.135,111.5,0.65
김현수,LG,DH,20,0.66,-0.02,67,67,57,9,19,3,0,1,25,10,0,0,8,2,0,6,1,0,0,0.333,0.433,0.439,0.872,0.189,177.6,0.64
천성호,KT,2B,10,0.27,0.35,30,30,23,2,6,2,0,0,8,2,0,1,5,2,0,5,0,0,0,0.261,0.433,0.348,0.781,0.177,143.9,0.62
김성윤,삼성,CF,19,0.39,0.22,55,53,48,11,15,3,2,0,22,6,3,2,4,1,0,8,0,2,0,0.313,0.377,0.458,0.835,0.166,141.2,0.61
박민우,엔씨,2B,13,0.49,0.11,51,51,45,6,13,4,1,0,19,3,5,2,5,1,0,11,0,0,0,0.289,0.373,0.422,0.795,0.155,136.1,0.60
송찬의,LG,LF,19,0.26,0.31,62,61,56,4,14,5,0,2,25,7,1,1,4,1,0,18,0,1,0,0.250,0.311,0.446,0.757,0.127,117.7,0.57
정수빈,두산,CF,19,0.41,0.16,82,80,68,14,20,3,0,0,23,3,3,2,10,1,0,11,0,2,1,0.294,0.388,0.338,0.726,0.135,118.6,0.57
김상수,KT,SS,18,0.50,0.03,70,69,56,7,13,3,0,1,19,3,1,0,14,0,1,6,1,0,0,0.232,0.386,0.339,0.725,0.138,114.1,0.54
나성범,기아,RF,20,0.70,-0.20,86,86,70,12,17,4,0,4,33,15,0,0,15,1,0,16,4,0,0,0.243,0.384,0.471,0.855,0.174,146.9,0.50
레이예스,롯데,LF,22,0.19,0.30,98,97,89,8,27,8,0,0,35,13,2,0,6,0,1,14,2,0,3,0.303,0.337,0.393,0.730,0.115,89.7,0.48
김형준,엔씨,C,16,0.48,0.00,51,50,45,7,11,3,0,4,26,11,0,0,4,0,0,18,1,1,1,0.244,0.300,0.578,0.878,0.153,130.4,0.48
김선빈,기아,2B,9,0.54,-0.06,30,30,26,4,11,3,0,0,14,6,0,0,4,0,0,2,0,0,0,0.423,0.500,0.538,1.038,0.248,210.9,0.48
에레디아,SSG,LF,13,0.29,0.17,57,55,48,6,15,0,0,1,18,6,0,0,7,1,2,8,2,0,1,0.313,0.404,0.375,0.779,0.143,120.8,0.47
최재훈,한화,C,18,0.49,-0.04,50,48,34,4,9,1,0,0,10,4,1,1,7,5,0,5,1,2,2,0.265,0.438,0.294,0.732,0.165,134.4,0.45
문성주,LG,DH,13,0.34,0.11,36,36,30,5,11,1,0,0,12,6,1,0,5,0,0,5,1,0,1,0.367,0.444,0.400,0.844,0.177,167.1,0.45
류지혁,삼성,2B,20,0.46,-0.01,73,72,60,9,19,0,0,0,19,10,2,0,8,2,0,12,1,1,2,0.317,0.403,0.317,0.720,0.135,112.4,0.44
데이비슨,엔씨,1B,16,0.30,0.14,65,65,57,9,16,4,0,4,32,14,0,0,4,1,0,19,2,0,3,0.281,0.323,0.561,0.884,0.156,133.7,0.44
홍창기,LG,RF,17,0.25,0.17,79,78,63,10,16,1,0,0,17,9,1,0,10,4,0,17,2,1,1,0.254,0.385,0.270,0.655,0.123,113.8,0.41
권희동,엔씨,LF,16,0.66,-0.25,64,64,44,10,12,0,0,1,15,3,0,1,15,5,0,10,1,0,0,0.273,0.500,0.341,0.841,0.214,182.5,0.41
이유찬,두산,2B,12,0.21,0.18,33,33,30,6,9,1,1,0,12,4,3,0,3,0,0,6,2,0,0,0.300,0.364,0.400,0.764,0.139,116.1,0.39
신민재,LG,2B,20,0.20,0.19,70,69,58,11,13,1,0,0,14,10,4,2,11,0,0,6,0,1,0,0.224,0.348,0.241,0.589,0.092,85.7,0.39
구본혁,LG,SS,18,0.32,0.06,38,35,29,4,8,0,1,0,10,6,0,0,5,1,0,7,0,3,0,0.276,0.400,0.345,0.745,0.150,140.8,0.38
케이브,두산,RF,12,0.28,0.09,49,49,44,3,12,4,0,1,19,8,2,0,3,1,0,12,0,0,1,0.273,0.327,0.432,0.759,0.127,113.2,0.37
최형우,기아,DH,18,0.31,0.05,74,74,68,9,20,7,0,2,33,7,0,0,6,0,0,17,2,0,0,0.294,0.351,0.485,0.836,0.157,132.8,0.35
황성빈,롯데,CF,13,0.29,0.05,55,54,51,9,18,0,0,0,18,5,7,1,3,0,0,7,0,1,0,0.353,0.389,0.353,0.742,0.131,102.1,0.34
도태훈,엔씨,2B,10,0.14,0.19,25,23,21,2,6,0,1,0,8,1,2,0,2,0,0,3,1,2,0,0.286,0.348,0.381,0.729,0.125,110.4,0.33
박한결,엔씨,LF,4,0.19,0.14,10,10,9,2,2,0,0,2,8,3,0,0,1,0,0,3,0,0,0,0.222,0.300,0.889,1.189,0.243,190.2,0.33
김민혁,KT,LF,19,0.34,-0.03,77,76,70,8,22,3,0,0,25,4,4,0,5,2,1,8,3,0,0,0.314,0.377,0.357,0.734,0.130,107.5,0.31
강백호,KT,DH,20,0.27,0.03,90,90,82,7,22,6,0,3,37,10,0,1,7,1,0,18,2,0,0,0.268,0.333,0.451,0.784,0.138,114.4,0.30
김휘집,엔씨,3B,15,0.33,-0.03,52,52,45,6,10,1,0,3,20,8,0,0,6,1,0,11,0,0,0,0.222,0.327,0.444,0.771,0.135,115.5,0.30
최주환,키움,1B,20,0.53,-0.24,85,85,77,7,24,9,1,1,38,14,0,0,6,1,0,8,1,0,1,0.312,0.365,0.494,0.859,0.167,147.0,0.29
플로리얼,한화,CF,22,0.46,-0.19,98,98,88,9,23,8,1,1,36,16,4,2,9,0,1,24,2,0,1,0.261,0.327,0.409,0.736,0.120,99.3,0.26
박주홍,키움,RF,22,0.33,-0.08,59,58,51,6,14,2,0,2,22,8,4,0,6,0,0,18,1,1,1,0.275,0.345,0.431,0.776,0.135,116.4,0.26
최원영,LG,CF,20,-0.03,0.28,11,11,10,8,2,2,0,0,4,1,2,1,0,0,0,2,1,0,1,0.200,0.182,0.400,0.582,0.034,32.7,0.25
한승택,기아,C,3,0.17,0.06,4,4,3,2,2,1,0,0,3,0,0,0,1,0,0,0,0,0,0,0.667,0.750,1.000,1.750,0.492,427.3,0.23
김동헌,키움,C,9,0.21,0.02,25,25,21,2,6,1,0,0,7,3,0,0,3,1,0,5,0,0,0,0.286,0.400,0.333,0.733,0.146,130.9,0.23
김민성,롯데,2B,17,0.18,0.05,72,72,63,8,16,2,0,1,21,12,0,1,7,2,0,8,1,0,0,0.254,0.347,0.333,0.680,0.115,87.3,0.23
추재현,두산,LF,11,0.16,0.04,40,39,37,5,9,2,1,1,16,3,0,0,1,1,0,6,2,1,0,0.243,0.282,0.432,0.714,0.108,96.1,0.20
김건희,키움,C,10,0.11,0.09,36,36,34,4,8,2,0,1,13,3,0,0,1,0,0,13,0,0,1,0.235,0.250,0.382,0.632,0.067,58.0,0.20
최지훈,SSG,CF,18,0.17,0.02,82,81,73,10,21,2,0,1,26,7,2,2,6,0,0,10,0,1,2,0.288,0.333,0.356,0.689,0.104,87.7,0.20
장준원,KT,SS,8,0.06,0.13,25,24,24,1,7,2,0,0,9,3,0,0,0,0,0,5,0,1,0,0.292,0.292,0.375,0.667,0.088,74.6,0.19
이진영,한화,RF,14,0.14,0.06,42,42,37,8,10,2,0,1,15,6,0,0,3,1,0,13,0,0,1,0.270,0.333,0.405,0.738,0.123,101.2,0.19
심재훈,삼성,2B,1,0.18,0.01,5,5,2,2,1,0,0,0,1,0,1,0,3,0,0,0,0,0,0,0.500,0.800,0.500,1.300,0.406,380.9,0.19
이재원,한화,C,21,0.08,0.11,27,27,24,0,5,0,1,0,7,3,0,0,3,0,0,6,1,0,0,0.208,0.296,0.292,0.588,0.077,64.5,0.19
허경민,KT,3B,19,0.11,0.08,85,85,76,6,22,1,0,1,26,5,0,0,7,1,0,8,4,0,1,0.289,0.353,0.342,0.695,0.114,94.0,0.19
오영수,엔씨,DH,3,0.18,0.00,12,12,11,1,4,1,0,1,8,4,0,1,1,0,0,4,0,0,0,0.364,0.417,0.727,1.144,0.259,196.8,0.18
윤동희,롯데,RF,13,0.14,0.04,49,49,39,7,7,1,0,1,11,2,1,0,9,1,0,11,2,0,0,0.179,0.347,0.282,0.629,0.109,87.8,0.18
이우성,기아,LF,18,0.18,-0.01,66,66,58,3,15,6,0,1,24,7,0,0,8,0,0,12,2,0,0,0.259,0.348,0.414,0.762,0.138,116.3,0.17
변우혁,기아,3B,16,0.05,0.12,59,59,55,3,15,2,0,0,17,12,0,0,3,1,0,15,1,0,0,0.273,0.322,0.309,0.631,0.089,75.0,0.17
권동진,KT,SS,7,0.19,-0.04,15,14,13,2,4,1,1,0,7,2,0,0,1,0,0,5,0,1,0,0.308,0.357,0.538,0.895,0.180,150.4,0.15
박찬호,기아,SS,12,0.06,0.09,50,50,43,3,9,2,0,0,11,3,1,1,7,0,0,5,1,0,0,0.209,0.320,0.256,0.576,0.081,68.0,0.15
박계범,두산,2B,14,0.15,-0.01,45,42,39,6,10,2,1,0,14,6,0,0,3,0,0,11,2,3,0,0.256,0.310,0.359,0.669,0.099,87.0,0.14
이지영,SSG,C,18,0.11,0.03,64,62,57,5,14,3,0,1,20,4,0,1,3,1,0,5,1,2,1,0.246,0.290,0.351,0.641,0.084,70.6,0.14
이도윤,한화,2B,12,0.07,0.06,24,23,20,2,4,1,1,0,7,4,0,0,3,0,0,4,1,1,0,0.200,0.304,0.350,0.654,0.101,83.2,0.14
장두성,롯데,CF,19,-0.22,0.35,47,42,41,6,11,1,0,0,12,6,1,3,1,0,0,5,0,5,0,0.268,0.286,0.293,0.579,0.059,45.1,0.13
최인호,한화,LF,15,0.23,-0.10,26,26,21,1,6,2,0,0,8,2,1,0,4,1,0,6,1,0,0,0.286,0.423,0.381,0.804,0.174,137.8,0.13
한태양,롯데,2B,17,0.31,-0.19,9,9,7,6,4,1,0,0,5,1,2,0,2,0,0,1,0,0,0,0.571,0.667,0.714,1.381,0.378,296.8,0.13
오태곤,SSG,1B,18,0.01,0.12,56,54,46,6,9,2,0,1,14,6,4,1,8,0,0,11,0,2,0,0.196,0.315,0.304,0.619,0.092,76.9,0.12
박준영,두산,SS,18,0.36,-0.25,54,53,46,4,12,4,0,0,16,3,1,0,7,0,0,15,1,1,0,0.261,0.358,0.348,0.706,0.125,108.0,0.11
채은성,한화,1B,22,0.13,-0.03,85,85,77,4,21,7,0,1,31,5,0,1,6,2,0,16,1,0,0,0.273,0.341,0.403,0.744,0.130,107.1,0.10
김규성,기아,SS,19,-0.05,0.16,55,53,50,7,12,1,0,0,13,5,1,0,3,0,0,19,0,2,0,0.240,0.283,0.260,0.543,0.052,43.3,0.10
한재환,엔씨,DH,11,-0.05,0.15,20,20,19,1,5,0,0,0,5,4,0,0,0,1,0,7,0,0,0,0.263,0.300,0.263,0.563,0.063,56.6,0.10
윤도현,기아,3B,3,0.19,-0.09,8,8,6,3,2,2,0,0,4,0,0,0,2,0,0,2,0,0,0,0.333,0.500,0.667,1.167,0.290,251.6,0.10
양석환,두산,1B,18,0.35,-0.25,76,76,67,7,19,2,0,3,30,11,0,0,4,2,0,21,0,0,3,0.284,0.329,0.448,0.777,0.128,111.9,0.10
이호준,롯데,SS,15,0.24,-0.15,26,26,22,6,5,1,2,0,10,1,0,0,3,1,0,6,0,0,0,0.227,0.346,0.455,0.801,0.158,119.7,0.10
김인태,두산,LF,13,0.26,-0.17,22,22,20,2,7,2,0,1,12,5,0,0,2,0,0,5,0,0,0,0.350,0.409,0.600,1.009,0.219,186.0,0.09
전태현,키움,3B,21,0.12,-0.04,65,63,57,8,15,3,0,0,18,3,0,0,6,0,0,22,0,2,0,0.263,0.333,0.316,0.649,0.099,87.3,0.08
장성우,KT,C,19,0.18,-0.11,75,75,62,6,13,2,0,1,18,11,0,0,10,0,0,17,0,0,3,0.210,0.307,0.290,0.597,0.078,64.9,0.07
이주헌,LG,C,10,0.07,0.00,17,17,13,1,2,0,0,0,2,0,0,0,3,1,0,4,0,0,0,0.154,0.353,0.154,0.507,0.087,81.9,0.06
정훈,롯데,DH,19,0.01,0.05,57,57,53,6,13,5,0,1,21,4,0,0,4,0,0,13,2,0,0,0.245,0.298,0.396,0.694,0.104,80.8,0.06
김성현,SSG,3B,12,0.09,-0.03,22,20,17,2,4,0,0,0,4,0,0,0,3,0,0,3,0,2,0,0.235,0.350,0.235,0.585,0.089,73.3,0.06
김도영,기아,3B,1,0.03,0.03,2,2,2,0,1,0,0,0,1,0,0,0,0,0,0,0,0,0,0,0.500,0.500,0.500,1.000,0.226,196.7,0.05
임지열,키움,RF,2,0.05,0.00,1,1,1,0,1,0,0,0,1,0,0,0,0,0,0,0,0,0,0,1.000,1.000,1.000,2.000,0.631,479.9,0.05
최항,롯데,1B,3,-0.05,0.09,2,2,2,0,0,0,0,0,0,0,0,0,0,0,0,1,0,0,0,0.000,0.000,0.000,0.000,-0.178,-145.0,0.05
문정빈,LG,DH,12,0.01,0.03,19,19,16,2,2,0,0,1,5,3,0,0,1,2,0,6,0,0,0,0.125,0.263,0.313,0.576,0.076,69.7,0.04
디아즈,삼성,1B,21,0.03,0.01,86,86,80,9,21,4,0,5,40,15,0,0,5,0,0,16,2,0,1,0.263,0.302,0.500,0.802,0.132,110.4,0.04
고명준,SSG,1B,18,-0.07,0.11,65,65,59,2,16,2,0,1,21,8,0,0,5,0,0,14,2,0,1,0.271,0.323,0.356,0.679,0.101,85.4,0.04
하주석,한화,SS,3,-0.10,0.14,8,8,8,0,1,0,0,0,1,0,0,0,0,0,0,4,0,0,0,0.125,0.125,0.125,0.250,-0.077,-65.0,0.04
배정대,KT,CF,20,0.10,-0.07,75,73,66,4,16,3,2,1,26,9,2,2,2,3,0,19,0,2,2,0.242,0.288,0.394,0.682,0.098,80.6,0.04
양도근,삼성,2B,16,-0.05,0.08,11,10,10,3,2,0,0,0,2,1,1,0,0,0,0,3,0,1,0,0.200,0.200,0.200,0.400,-0.016,-13.7,0.03
박정우,기아,LF,15,0.03,-0.01,9,9,7,2,2,1,0,0,3,0,0,1,2,0,0,2,1,0,0,0.286,0.444,0.429,0.873,0.198,166.8,0.03
김민혁,두산,DH,3,0.03,0.00,5,5,4,0,1,0,0,0,1,0,0,0,1,0,0,2,0,0,0,0.250,0.400,0.250,0.650,0.125,99.2,0.03
박건우,엔씨,CF,10,0.11,-0.09,40,40,34,3,11,4,0,0,15,7,0,1,4,0,0,4,1,0,2,0.324,0.375,0.441,0.816,0.151,133.9,0.02
심우준,한화,SS,19,-0.26,0.28,62,60,57,5,10,2,0,0,12,3,3,0,3,0,0,14,0,2,0,0.175,0.217,0.211,0.428,0.004,3.3,0.02
전병우,삼성,2B,8,-0.12,0.14,13,13,10,0,0,0,0,0,0,0,0,0,3,0,0,7,0,0,0,0.000,0.231,0.000,0.231,-0.015,-13.2,0.02
정현승,SSG,RF,3,0.07,-0.05,2,2,2,0,1,1,0,0,2,0,0,0,0,0,0,0,0,0,0,0.500,0.500,1.000,1.500,0.405,401.3,0.02
송승환,엔씨,LF,2,-0.03,0.03,1,1,1,0,0,0,0,0,0,0,0,0,0,0,0,0,0,0,0,0.000,0.000,0.000,0.000,-0.178,-148.7,0.01
이영빈,LG,1B,6,-0.08,0.08,6,6,6,1,1,0,0,0,1,0,0,0,0,0,0,2,0,0,0,0.167,0.167,0.167,0.334,-0.043,-40.2,0.01
최성민,KT,RF,14,-0.15,0.16,9,9,9,0,1,0,0,0,1,0,0,0,0,0,0,1,0,0,0,0.111,0.111,0.111,0.222,-0.088,-72.9,0.00
최상민,SSG,RF,14,0.07,-0.07,5,5,3,2,1,0,0,0,1,1,0,1,1,1,0,1,0,0,0,0.333,0.600,0.333,0.933,0.280,246.2,0.00
오선우,기아,DH,4,0.10,-0.10,15,15,14,1,4,0,0,1,7,3,0,0,1,0,0,3,0,0,0,0.286,0.333,0.500,0.833,0.147,128.2,0.00
전준우,롯데,LF,21,-0.06,0.05,87,87,78,4,20,4,0,1,27,13,1,0,7,0,0,11,0,0,2,0.256,0.310,0.346,0.656,0.092,71.9,-0.01
김영웅,삼성,3B,21,-0.14,0.13,87,87,81,8,21,2,0,3,32,14,1,1,4,0,0,25,3,0,2,0.259,0.287,0.395,0.682,0.090,75.4,-0.01
오선진,키움,SS,15,-0.03,0.01,19,18,16,2,3,1,0,0,4,2,0,0,2,0,0,5,1,1,0,0.188,0.278,0.250,0.528,0.055,48.7,-0.02
최정용,기아,2B,4,-0.09,0.07,6,6,6,0,1,0,0,0,1,0,0,0,0,0,0,2,1,0,0,0.167,0.167,0.167,0.334,-0.043,-36.7,-0.02
권혁빈,키움,LF,2,-0.05,0.03,1,1,1,0,0,0,0,0,0,0,0,0,0,0,0,0,1,0,0,0.000,0.000,0.000,0.000,-0.178,-140.1,-0.02
홍현빈,삼성,LF,3,-0.02,0.00,1,1,1,0,0,0,0,0,0,0,0,0,0,0,0,1,0,0,0,0.000,0.000,0.000,0.000,-0.178,-140.1,-0.02
안주형,삼성,2B,2,-0.02,-0.01,4,4,4,0,1,0,0,0,1,0,0,0,0,0,0,1,0,0,0,0.250,0.250,0.250,0.500,0.024,22.7,-0.02
김동준,두산,RF,1,-0.02,0.00,1,1,1,0,0,0,0,0,0,0,0,0,0,0,0,0,0,0,0,0.000,0.000,0.000,0.000,-0.178,-166.8,-0.02
함수호,삼성,LF,1,-0.03,0.00,1,1,1,0,0,0,0,0,0,0,0,0,0,0,0,0,0,0,0,0.000,0.000,0.000,0.000,-0.178,-166.8,-0.02
서유신,키움,2B,1,-0.03,0.00,1,1,1,0,0,0,0,0,0,0,0,0,0,0,0,1,0,0,0,0.000,0.000,0.000,0.000,-0.178,-176.2,-0.03
안현민,KT,LF,1,-0.03,0.00,1,1,1,0,0,0,0,0,0,0,0,0,0,0,0,0,0,0,0,0.000,0.000,0.000,0.000,-0.178,-148.7,-0.03
박준순,두산,2B,1,-0.03,0.00,1,1,1,0,0,0,0,0,0,0,0,0,0,0,0,0,0,0,0,0.000,0.000,0.000,0.000,-0.178,-166.8,-0.03
최정원,엔씨,CF,2,-0.03,0.00,1,1,1,1,0,0,0,0,0,0,0,0,0,0,0,1,0,0,0,0.000,0.000,0.000,0.000,-0.178,-135.4,-0.03
박시원,엔씨,CF,12,0.23,-0.26,15,15,12,6,4,1,0,0,5,0,0,0,3,0,0,4,0,0,0,0.333,0.467,0.417,0.884,0.202,176.1,-0.03
김태군,기아,C,16,-0.13,0.09,41,41,37,2,7,2,0,0,9,4,0,0,2,1,0,2,0,0,1,0.189,0.244,0.243,0.487,0.031,25.6,-0.04
한준수,기아,C,13,-0.06,0.02,33,33,29,3,4,2,0,2,12,5,0,0,3,0,0,5,0,0,1,0.138,0.212,0.414,0.626,0.063,53.9,-0.04
유준규,KT,RF,5,-0.07,0.02,6,6,5,0,0,0,0,0,0,1,1,0,1,0,0,2,0,0,0,0.000,0.167,0.000,0.167,-0.061,-51.3,-0.04
이병헌,삼성,C,10,-0.08,0.03,10,10,10,0,2,0,0,0,2,0,0,0,0,0,0,2,0,0,0,0.200,0.200,0.200,0.400,-0.016,-13.8,-0.05
박재엽,롯데,C,1,-0.03,-0.02,1,1,1,0,0,0,0,0,0,0,0,0,0,0,0,1,0,0,0,0.000,0.000,0.000,0.000,-0.178,-135.4,-0.05
최승민,LG,LF,2,-0.03,-0.02,1,1,1,0,0,0,0,0,0,0,0,0,0,0,0,0,0,0,0,0.000,0.000,0.000,0.000,-0.178,-166.8,-0.05
김헌곤,삼성,RF,21,0.04,-0.09,63,63,58,8,15,3,0,2,24,3,1,1,3,2,0,9,1,0,0,0.259,0.317,0.414,0.731,0.120,101.1,-0.05
서건창,기아,2B,10,-0.10,0.05,26,24,22,1,3,1,0,1,7,2,1,0,2,0,0,5,1,2,0,0.136,0.208,0.318,0.526,0.036,29.7,-0.05
문현빈,한화,DH,20,0.24,-0.29,67,67,64,9,18,5,0,3,32,12,2,0,3,0,0,12,0,0,0,0.281,0.313,0.500,0.813,0.140,119.1,-0.05
이창용,삼성,1B,2,-0.05,0.00,5,5,5,0,1,0,0,0,1,0,1,0,0,0,0,2,0,0,0,0.200,0.200,0.200,0.400,-0.016,-14.7,-0.05
황재균,KT,1B,17,-0.25,0.20,50,50,48,6,10,1,0,1,14,6,1,0,2,0,0,14,0,0,0,0.208,0.240,0.292,0.532,0.038,31.4,-0.06
양현종,키움,3B,3,-0.08,0.03,5,5,4,1,0,0,0,0,0,0,0,0,1,0,0,2,0,0,0,0.000,0.200,0.000,0.200,-0.037,-35.9,-0.06
조대현,KT,C,5,-0.02,-0.04,1,1,1,0,0,0,0,0,0,0,0,0,0,0,0,0,0,0,0,0.000,0.000,0.000,0.000,-0.178,-145.0,-0.06
장승현,두산,C,3,-0.07,-0.01,2,2,2,0,0,0,0,0,0,0,0,0,0,0,0,0,1,0,0,0.000,0.000,0.000,0.000,-0.178,-148.7,-0.08
권광민,한화,1B,3,-0.08,0.00,3,3,3,0,0,0,0,0,0,0,0,0,0,0,0,1,0,0,0,0.000,0.000,0.000,0.000,-0.178,-154.7,-0.08
임종찬,한화,RF,11,-0.17,0.09,25,25,22,2,3,1,0,1,7,1,0,0,3,0,0,9,0,0,0,0.136,0.240,0.318,0.558,0.056,46.6,-0.08
조수행,두산,RF,8,-0.03,-0.06,20,18,16,3,4,0,0,0,4,1,2,0,2,0,0,4,0,2,0,0.250,0.333,0.250,0.583,0.080,73.6,-0.08
이원석,한화,RF,19,-0.27,0.19,24,24,22,7,2,0,0,0,2,2,4,0,1,1,0,9,2,0,0,0.091,0.167,0.091,0.258,-0.049,-39.1,-0.08
조세진,롯데,RF,3,-0.05,-0.04,2,2,2,0,0,0,0,0,0,0,0,0,0,0,0,2,0,0,0,0.000,0.000,0.000,0.000,-0.178,-135.4,-0.09
구자욱,삼성,LF,21,0.04,-0.13,92,89,81,17,17,5,0,4,34,14,0,0,9,0,3,16,0,1,1,0.210,0.286,0.420,0.706,0.096,80.4,-0.09
정보근,롯데,C,19,-0.02,-0.07,37,35,33,0,8,1,0,0,9,6,0,0,3,0,1,7,3,1,0,0.242,0.306,0.273,0.579,0.064,50.4,-0.09
이재상,키움,SS,2,0.03,-0.13,2,2,2,0,1,0,0,0,1,0,0,0,0,0,0,1,0,0,0,0.500,0.500,0.500,1.000,0.226,178.2,-0.09
조형우,SSG,C,5,-0.10,0.01,8,8,8,0,1,0,0,0,1,0,0,0,0,0,0,2,0,0,0,0.125,0.125,0.125,0.250,-0.077,-65.3,-0.09
최준우,SSG,DH,8,-0.09,0.00,14,14,10,0,0,0,0,0,0,0,0,0,4,0,0,6,0,0,0,0.000,0.286,0.000,0.286,0.023,18.8,-0.09
김웅빈,키움,1B,5,0.00,-0.09,19,19,14,1,2,0,0,0,2,0,0,0,5,0,0,1,1,0,0,0.143,0.368,0.143,0.511,0.093,79.0,-0.09
이형종,키움,RF,7,-0.14,0.05,11,11,11,0,2,0,0,0,2,1,0,0,0,0,0,2,1,0,0,0.182,0.182,0.182,0.364,-0.031,-28.4,-0.10
안치영,KT,LF,5,-0.09,0.00,2,1,1,0,0,0,0,0,0,0,0,1,0,0,0,1,0,1,0,0.000,0.000,0.000,0.000,-0.178,-135.4,-0.10
박지훈,두산,3B,6,-0.11,0.01,1,1,1,1,0,0,0,0,0,0,0,0,0,0,0,0,1,0,0,0.000,0.000,0.000,0.000,-0.178,-166.8,-0.10
안상현,SSG,2B,12,-0.01,-0.10,18,18,17,4,5,2,0,0,7,3,2,1,1,0,0,9,1,0,0,0.294,0.333,0.412,0.745,0.126,109.3,-0.11
현원회,SSG,DH,5,-0.12,0.00,19,19,17,1,3,1,0,0,4,3,0,0,2,0,0,6,0,0,0,0.176,0.263,0.235,0.498,0.043,35.9,-0.12
전다민,두산,LF,5,-0.08,-0.05,3,3,3,0,0,0,0,0,0,0,0,0,0,0,0,0,0,0,0,0.000,0.000,0.000,0.000,-0.178,-160.7,-0.12
홍종표,기아,3B,9,-0.21,0.08,21,20,18,2,2,0,0,0,2,0,0,0,2,0,0,4,0,1,0,0.111,0.200,0.111,0.311,-0.027,-22.0,-0.13
이승원,키움,3B,1,-0.05,-0.08,2,2,2,0,0,0,0,0,0,0,0,0,0,0,0,0,0,0,0,0.000,0.000,0.000,0.000,-0.178,-166.8,-0.13
함창건,LG,LF,2,-0.15,0.00,6,6,6,0,0,0,0,0,0,0,0,0,0,0,0,2,0,0,0,0.000,0.000,0.000,0.000,-0.178,-174.7,-0.15
고승민,롯데,2B,12,0.19,-0.35,52,52,44,5,12,2,0,0,14,3,0,1,8,0,0,8,2,0,0,0.273,0.385,0.318,0.703,0.131,103.6,-0.16
이상혁,한화,CF,10,-0.08,-0.08,2,1,1,2,0,0,0,0,0,0,1,1,0,0,0,0,0,1,0,0.000,0.000,0.000,0.000,-0.178,-166.8,-0.16
김태연,한화,LF,22,0.05,-0.21,87,86,79,11,21,1,0,1,25,7,2,0,5,2,0,16,2,1,0,0.266,0.326,0.316,0.642,0.094,77.5,-0.16
로하스,KT,RF,20,-0.06,-0.11,90,90,75,10,15,3,0,1,21,4,0,1,14,0,0,20,2,0,1,0.200,0.322,0.280,0.602,0.089,73.4,-0.17
서호철,엔씨,3B,14,-0.08,-0.09,32,29,28,2,8,0,0,0,8,0,2,1,1,0,0,7,1,3,0,0.286,0.310,0.286,0.596,0.069,59.3,-0.17
박재현,기아,CF,17,-0.09,-0.09,21,21,20,4,3,1,0,0,4,0,3,0,1,0,0,5,0,0,0,0.150,0.190,0.200,0.390,-0.012,-9.6,-0.18
여동욱,키움,3B,11,-0.06,-0.12,24,24,21,2,4,0,0,1,7,1,0,0,3,0,0,9,2,0,0,0.190,0.292,0.333,0.625,0.084,70.6,-0.18
최원준,기아,CF,20,-0.03,-0.15,74,74,68,9,14,1,0,2,21,3,2,0,6,0,0,13,0,0,0,0.206,0.270,0.309,0.579,0.062,52.7,-0.19
손호영,롯데,3B,9,-0.10,-0.08,39,39,35,2,8,0,0,0,8,4,0,0,3,1,0,6,2,0,0,0.229,0.308,0.229,0.537,0.062,50.5,-0.19
강진성,키움,1B,6,-0.12,-0.07,13,13,11,1,2,0,0,0,2,1,0,0,2,0,0,1,2,0,0,0.182,0.308,0.182,0.490,0.055,54.1,-0.19
황영묵,한화,2B,19,0.07,-0.26,78,77,66,12,13,5,0,0,18,3,0,0,11,0,0,8,1,1,0,0.197,0.312,0.273,0.585,0.082,66.8,-0.19
김재환,두산,DH,15,-0.25,0.05,61,61,55,7,11,2,0,1,16,6,0,0,5,1,0,16,0,0,0,0.200,0.279,0.291,0.570,0.066,57.4,-0.20
김기연,두산,C,12,-0.06,-0.15,26,26,24,1,6,0,0,0,6,5,0,0,2,0,0,7,0,0,0,0.250,0.308,0.250,0.558,0.063,54.7,-0.21
김재현,키움,C,11,-0.11,-0.11,25,25,24,4,4,2,0,0,6,2,0,0,0,1,0,5,1,0,0,0.167,0.200,0.250,0.450,0.011,9.9,-0.22
푸이그,키움,LF,22,-0.04,-0.19,97,97,87,12,19,2,0,3,30,11,0,0,7,3,0,20,1,0,0,0.218,0.299,0.345,0.644,0.092,81.4,-0.22
장재영,키움,CF,9,-0.14,-0.09,14,14,12,1,1,0,0,0,1,1,0,0,2,0,0,6,0,0,0,0.083,0.214,0.083,0.297,-0.020,-16.1,-0.23
박병호,삼성,DH,21,-0.18,-0.05,79,79,68,10,12,2,0,5,29,12,0,0,8,3,0,25,1,0,0,0.176,0.291,0.426,0.717,0.114,94.9,-0.23
천재환,엔씨,CF,16,-0.22,-0.02,25,25,24,1,4,0,0,0,4,0,2,0,1,0,0,8,0,0,0,0.167,0.200,0.167,0.367,-0.020,-17.3,-0.24
임병욱,키움,CF,9,-0.05,-0.19,17,17,15,3,3,0,0,0,3,1,0,0,2,0,0,4,0,0,0,0.200,0.294,0.200,0.494,0.048,40.3,-0.25
박세혁,엔씨,C,8,-0.19,-0.06,15,15,14,1,1,0,0,0,1,0,0,0,1,0,0,9,0,0,0,0.071,0.133,0.071,0.204,-0.077,-66.9,-0.25
오명진,두산,2B,12,-0.32,0.06,29,29,27,3,3,0,0,0,3,0,0,0,1,1,0,10,0,0,0,0.111,0.172,0.111,0.283,-0.043,-38.2,-0.26
한유섬,SSG,DH,18,-0.11,-0.15,67,65,60,5,14,0,0,1,17,7,0,0,6,0,1,19,0,1,0,0.233,0.303,0.283,0.586,0.068,57.8,-0.26
박승욱,롯데,SS,5,-0.15,-0.13,10,10,9,1,0,0,0,0,0,0,1,0,0,1,0,5,0,0,0,0.000,0.100,0.000,0.100,-0.100,-84.3,-0.28
오윤석,KT,2B,16,-0.07,-0.22,27,25,22,4,3,2,0,0,5,3,0,0,3,0,0,7,0,2,0,0.136,0.240,0.227,0.467,0.032,26.4,-0.29
문상철,KT,1B,9,-0.30,0.00,31,31,27,2,4,1,0,0,5,1,0,0,3,0,0,8,1,0,1,0.148,0.226,0.185,0.411,0.006,4.9,-0.30
하재훈,SSG,RF,8,-0.19,-0.13,25,25,24,2,4,0,0,1,7,3,0,0,1,0,0,12,0,0,0,0.167,0.200,0.292,0.492,0.017,14.7,-0.32
김성욱,엔씨,CF,5,-0.19,-0.13,9,9,9,0,1,0,0,0,1,0,0,1,0,0,0,5,0,0,0,0.111,0.111,0.111,0.222,-0.088,-72.0,-0.32
정준재,SSG,2B,17,-0.05,-0.29,68,66,56,9,9,1,1,0,12,3,3,0,10,0,0,16,1,2,0,0.161,0.288,0.214,0.502,0.055,46.4,-0.34
김민석,두산,LF,9,-0.26,-0.08,31,31,30,2,5,0,1,0,7,2,0,0,1,0,0,11,1,0,0,0.167,0.194,0.233,0.427,-0.002,-1.4,-0.34
윤정빈,삼성,RF,14,-0.17,-0.17,22,22,19,2,2,1,0,0,3,0,0,0,3,0,0,10,0,0,0,0.105,0.227,0.158,0.385,0.008,6.5,-0.34
어준서,키움,3B,7,0.06,-0.44,21,21,20,4,6,0,0,1,9,3,0,0,0,0,0,7,0,0,1,0.300,0.286,0.450,0.736,0.098,84.6,-0.38
김태진,키움,SS,20,0.01,-0.40,64,63,59,4,16,3,0,0,19,1,0,0,4,0,0,11,3,1,0,0.271,0.317,0.322,0.639,0.089,79.8,-0.39
안치홍,한화,DH,10,-0.45,-0.11,35,35,30,0,2,0,0,0,2,2,0,0,5,0,1,6,1,0,0,0.067,0.200,0.067,0.267,-0.038,-30.6,-0.57
박지환,SSG,3B,16,-0.37,-0.27,50,48,44,3,8,0,0,0,8,3,0,1,3,0,0,14,1,2,1,0.182,0.229,0.182,0.411,0.001,0.7,-0.64
