Name,Team,Position,G,oWAR,dWAR,PA,ePA,AB,R,H,2B,3B,HR,TB,RBI,SB,CS,BB,HP,IB,SO,GDP,SH,SF,AVG,OBP,SLG,OPS,R/ePA,wRC+,WAR
노시환,한화,3B,22,0.48,0.18,93,92,86,13,22,3,1,5,42,15,4,1,5,2,1,21,2,0,0,0.256,0.312,0.488,0.8,0.135,111.5,0.65
나승엽,롯데,1B,22,1.02,-0.19,93,93,75,11,20,6,1,3,37,9,0,0,16,2,0,14,2,0,0,0.267,0.409,0.493,0.902,0.195,152.6,0.83
송성문,키움,2B,22,0.84,-0.04,96,96,84,16,21,6,0,4,39,10,3,0,12,0,0,11,1,0,0,0.25,0.344,0.464,0.808,0.149,130.3,0.8
푸이그,키움,LF,22,-0.04,-0.19,97,97,87,12,19,2,0,3,30,11,0,0,7,3,0,20,1,0,0,0.218,0.299,0.345,0.644,0.092,81.4,-0.22
채은성,한화,1B,22,0.13,-0.03,85,85,77,4,21,7,0,1,31,5,0,1,6,2,0,16,1,0,0,0.273,0.341,0.403,0.744,0.13,107.1,0.1
레이예스,롯데,LF,22,0.19,0.3,98,97,89,8,27,8,0,0,35,13,2,0,6,0,1,14,2,0,3,0.303,0.337,0.393,0.73,0.115,89.7,0.48
플로리얼,한화,CF,22,0.46,-0.19,98,98,88,9,23,8,1,1,36,16,4,2,9,0,1,24,2,0,1,0.261,0.327,0.409,0.736,0.12,99.3,0.26
김태연,한화,LF,22,0.05,-0.21,87,86,79,11,21,1,0,1,25,7,2,0,5,2,0,16,2,1,0,0.266,0.326,0.316,0.642,0.094,77.5,-0.16
김영웅,삼성,3B,21,-0.14,0.13,87,87,81,8,21,2,0,3,32,14,1,1,4,0,0,25,3,0,2,0.259,0.287,0.395,0.682,0.09,75.4,-0.01
디아즈,삼성,1B,21,0.03,0.01,86,86,80,9,21,4,0,5,40,15,0,0,5,0,0,16,2,0,1,0.263,0.302,0.5,0.802,0.132,110.4,0.04
전민재,롯데,SS,21,1.1,-0.25,72,67,62,10,26,6,0,0,32,5,1,0,4,1,0,17,1,5,0,0.419,0.463,0.516,0.979,0.221,171.9,0.85
이재현,삼성,SS,21,1.11,0.14,92,90,71,19,18,5,0,3,32,12,1,0,17,3,1,21,0,1,0,0.254,0.418,0.451,0.869,0.187,157.0,1.24
구자욱,삼성,LF,21,0.04,-0.13,92,89,81,17,17,5,0,4,34,14,0,0,9,0,3,16,0,1,1,0.21,0.286,0.42,0.706,0.096,80.4,-0.09
박병호,삼성,DH,21,-0.18,-0.05,79,79,68,10,12,2,0,5,29,12,0,0,8,3,0,25,1,0,0,0.176,0.291,0.426,0.717,0.114,94.9,-0.23
전준우,롯데,LF,21,-0.06,0.05,87,87,78,4,20,4,0,1,27,13,1,0,7,0,0,11,0,0,2,0.256,0.31,0.346,0.656,0.092,71.9,-0.01
배정대,KT,CF,20,0.1,-0.07,75,73,66,4,16,3,2,1,26,9,2,2,2,3,0,19,0,2,2,0.242,0.288,0.394,0.682,0.098,80.6,0.04
강백호,KT,DH,20,0.27,0.03,90,90,82,7,22,6,0,3,37,10,0,1,7,1,0,18,2,0,0,0.268,0.333,0.451,0.784,0.138,114.4,0.3
류지혁,삼성,2B,20,0.46,-0.01,73,72,60,9,19,0,0,0,19,10,2,0,8,2,0,12,1,1,2,0.317,0.403,0.317,0.72,0.135,112.4,0.44
최주환,키움,1B,20,0.53,-0.24,85,85,77,7,24,9,1,1,38,14,0,0,6,1,0,8,1,0,1,0.312,0.365,0.494,0.859,0.167,147.0,0.29
신민재,LG,2B,20,0.2,0.19,70,69,58,11,13,1,0,0,14,10,4,2,11,0,0,6,0,1,0,0.224,0.348,0.241,0.589,0.092,85.7,0.39
오지환,LG,SS,20,0.51,0.3,71,68,61,10,17,5,0,2,28,12,2,2,4,0,0,13,0,3,3,0.279,0.309,0.459,0.768,0.12,111.1,0.81
박해민,LG,CF,20,0.4,0.28,67,65,54,11,13,3,0,0,16,2,5,0,10,1,0,17,2,2,0,0.241,0.369,0.296,0.665,0.121,112.2,0.68
위즈덤,기아,1B,20,1.15,-0.03,82,82,64,17,17,1,0,8,42,14,0,0,17,0,0,18,0,0,1,0.266,0.415,0.656,1.071,0.232,195.5,1.11
강민호,삼성,C,20,0.83,-0.03,79,79,71,7,24,8,0,0,32,16,1,1,6,1,0,13,1,0,1,0.338,0.392,0.451,0.843,0.167,140.5,0.8
로하스,KT,RF,20,-0.06,-0.11,90,90,75,10,15,3,0,1,21,4,0,1,14,0,0,20,2,0,1,0.2,0.322,0.28,0.602,0.089,73.4,-0.17
나성범,기아,RF,20,0.7,-0.2,86,86,70,12,17,4,0,4,33,15,0,0,15,1,0,16,4,0,0,0.243,0.384,0.471,0.855,0.174,146.9,0.5
박동원,LG,C,20,1.6,-0.01,73,73,60,15,21,3,0,5,39,16,1,0,12,1,0,14,1,0,0,0.35,0.466,0.65,1.116,0.26,242.9,1.59
최원준,기아,CF,20,-0.03,-0.15,74,74,68,9,14,1,0,2,21,3,2,0,6,0,0,13,0,0,0,0.206,0.27,0.309,0.579,0.062,52.7,-0.19
김현수,LG,DH,20,0.66,-0.02,67,67,57,9,19,3,0,1,25,10,0,0,8,2,0,6,1,0,0,0.333,0.433,0.439,0.872,0.189,177.6,0.64
문보경,LG,3B,20,1.36,0.26,89,88,75,18,28,3,0,5,46,20,0,0,12,0,2,15,2,0,2,0.373,0.449,0.613,1.062,0.231,215.6,1.62
허경민,KT,3B,19,0.11,0.08,85,85,76,6,22,1,0,1,26,5,0,0,7,1,0,8,4,0,1,0.289,0.353,0.342,0.695,0.114,94.0,0.19
장성우,KT,C,19,0.18,-0.11,75,75,62,6,13,2,0,1,18,11,0,0,10,0,0,17,0,0,3,0.21,0.307,0.29,0.597,0.078,64.9,0.07
송찬의,LG,LF,19,0.26,0.31,62,61,56,4,14,5,0,2,25,7,1,1,4,1,0,18,0,1,0,0.25,0.311,0.446,0.757,0.127,117.7,0.57
김민혁,KT,LF,19,0.34,-0.03,77,76,70,8,22,3,0,0,25,4,4,0,5,2,1,8,3,0,0,0.314,0.377,0.357,0.734,0.13,107.5,0.31
황영묵,한화,2B,19,0.07,-0.26,78,77,66,12,13,5,0,0,18,3,0,0,11,0,0,8,1,1,0,0.197,0.312,0.273,0.585,0.082,66.8,-0.19
양의지,두산,C,19,0.81,0.14,77,77,63,10,18,4,0,2,28,14,0,0,12,0,0,12,0,0,2,0.286,0.39,0.444,0.834,0.164,143.6,0.95
정수빈,두산,CF,19,0.41,0.16,82,80,68,14,20,3,0,0,23,3,3,2,10,1,0,11,0,2,1,0.294,0.388,0.338,0.726,0.135,118.6,0.57
오스틴,LG,1B,19,0.83,0.16,82,81,69,18,20,5,0,5,40,14,1,0,12,0,2,9,3,0,1,0.29,0.39,0.58,0.97,0.196,182.4,0.99
강승호,두산,3B,19,0.43,0.34,83,83,75,10,19,5,1,1,29,6,2,1,7,1,0,24,1,0,0,0.253,0.325,0.387,0.712,0.117,103.0,0.78
이주형,키움,CF,19,0.81,0.18,81,81,69,10,20,3,0,2,29,6,0,0,6,6,0,25,2,0,0,0.29,0.395,0.42,0.815,0.168,151.4,0.99
최형우,기아,DH,18,0.31,0.05,74,74,68,9,20,7,0,2,33,7,0,0,6,0,0,17,2,0,0,0.294,0.351,0.485,0.836,0.157,132.8,0.35
김상수,KT,SS,18,0.5,0.03,70,69,56,7,13,3,0,1,19,3,1,0,14,0,1,6,1,0,0,0.232,0.386,0.339,0.725,0.138,114.1,0.54
최지훈,SSG,CF,18,0.17,0.02,82,81,73,10,21,2,0,1,26,7,2,2,6,0,0,10,0,1,2,0.288,0.333,0.356,0.689,0.104,87.7,0.2
이지영,SSG,C,18,0.11,0.03,64,62,57,5,14,3,0,1,20,4,0,1,3,1,0,5,1,2,1,0.246,0.29,0.351,0.641,0.084,70.6,0.14
이우성,기아,LF,18,0.18,-0.01,66,66,58,3,15,6,0,1,24,7,0,0,8,0,0,12,2,0,0,0.259,0.348,0.414,0.762,0.138,116.3,0.17
고명준,SSG,1B,18,-0.07,0.11,65,65,59,2,16,2,0,1,21,8,0,0,5,0,0,14,2,0,1,0.271,0.323,0.356,0.679,0.101,85.4,0.04
양석환,두산,1B,18,0.35,-0.25,76,76,67,7,19,2,0,3,30,11,0,0,4,2,0,21,0,0,3,0.284,0.329,0.448,0.777,0.128,111.9,0.1
오태곤,SSG,1B,18,0.01,0.12,56,54,46,6,9,2,0,1,14,6,4,1,8,0,0,11,0,2,0,0.196,0.315,0.304,0.619,0.092,76.9,0.12
한유섬,SSG,DH,18,-0.11,-0.15,67,65,60,5,14,0,0,1,17,7,0,0,6,0,1,19,0,1,0,0.233,0.303,0.283,0.586,0.068,57.8,-0.26
